image,row,col,x_px,y_px
left01.jpg,0,0,244.405273,94.136856
left01.jpg,0,1,274.394714,92.210571
left01.jpg,0,2,305.500977,90.317200
left01.jpg,0,3,338.309204,88.792976
left01.jpg,0,4,371.721954,87.874794
left01.jpg,0,5,406.454346,86.711365
left01.jpg,0,6,441.636536,86.246689
left01.jpg,0,7,477.623322,86.221878
left01.jpg,0,8,513.767761,86.529228
left01.jpg,1,0,244.891495,126.181664
left01.jpg,1,1,274.705353,124.874321
left01.jpg,1,2,306.059143,123.964027
left01.jpg,1,3,338.623138,123.086105
left01.jpg,1,4,372.249420,122.286392
left01.jpg,1,5,406.668915,122.142990
left01.jpg,1,6,442.096863,122.085060
left01.jpg,1,7,478.011139,122.238258
left01.jpg,1,8,514.272949,122.782654
left01.jpg,2,0,245.353897,158.276474
left01.jpg,2,1,275.250061,158.049484
left01.jpg,2,2,306.548004,157.648926
left01.jpg,2,3,338.891846,157.398148
left01.jpg,2,4,372.385712,157.416748
left01.jpg,2,5,406.801025,157.496719
left01.jpg,2,6,442.113220,157.886032
left01.jpg,2,7,477.914581,158.322250
left01.jpg,2,8,513.886963,159.372574
left01.jpg,3,0,246.348602,190.389969
left01.jpg,3,1,275.860046,190.521637
left01.jpg,3,2,307.083313,191.064270
left01.jpg,3,3,339.264069,191.560760
left01.jpg,3,4,372.578278,192.051697
left01.jpg,3,5,406.767548,192.522446
left01.jpg,3,6,441.712677,193.620621
left01.jpg,3,7,477.407990,194.334259
left01.jpg,3,8,513.075806,195.625397
left01.jpg,4,0,247.350235,222.271378
left01.jpg,4,1,276.928070,223.405991
left01.jpg,4,2,307.567657,224.259384
left01.jpg,4,3,339.553955,225.402054
left01.jpg,4,4,372.706116,226.322281
left01.jpg,4,5,406.594635,227.648163
left01.jpg,4,6,441.250336,228.632736
left01.jpg,4,7,476.691376,230.003815
left01.jpg,4,8,511.917725,231.577759
left01.jpg,5,0,248.927689,253.592148
left01.jpg,5,1,277.595856,255.092819
left01.jpg,5,2,308.492065,256.515930
left01.jpg,5,3,340.010681,258.242218
left01.jpg,5,4,372.683685,259.910156
left01.jpg,5,5,406.221802,261.701385
left01.jpg,5,6,440.502472,263.232849
left01.jpg,5,7,475.321838,264.624603
left01.jpg,5,8,510.364899,266.202484
left02.jpg,0,0,256.438538,362.375183
left02.jpg,0,1,255.238129,334.424408
left02.jpg,0,2,254.304703,308.908142
left02.jpg,0,3,253.285553,280.395111
left02.jpg,0,4,252.632797,248.560883
left02.jpg,0,5,251.750565,212.815155
left02.jpg,0,6,251.259521,172.683258
left02.jpg,0,7,251.096802,127.983521
left02.jpg,0,8,251.463364,78.190041
left02.jpg,1,0,291.008148,369.333771
left02.jpg,1,1,292.614777,343.449585
left02.jpg,1,2,293.634399,318.090454
left02.jpg,1,3,295.148438,289.760864
left02.jpg,1,4,296.853180,258.065308
left02.jpg,1,5,298.763031,222.358444
left02.jpg,1,6,301.108032,182.126556
left02.jpg,1,7,303.755920,136.998077
left02.jpg,1,8,307.066284,86.711800
left02.jpg,2,0,327.492340,378.278442
left02.jpg,2,1,330.833771,352.219543
left02.jpg,2,2,334.245422,327.161621
left02.jpg,2,3,338.070648,299.222717
left02.jpg,2,4,342.266693,267.763855
left02.jpg,2,5,347.087158,232.245377
left02.jpg,2,6,352.377625,192.209686
left02.jpg,2,7,358.424255,146.960342
left02.jpg,2,8,365.127136,96.778709
left02.jpg,3,0,363.316101,386.214020
left02.jpg,3,1,369.522369,360.482849
left02.jpg,3,2,375.277313,336.104034
left02.jpg,3,3,381.593292,308.356049
left02.jpg,3,4,388.453461,277.455078
left02.jpg,3,5,396.135864,242.336304
left02.jpg,3,6,404.604706,202.723434
left02.jpg,3,7,413.966675,157.757294
left02.jpg,3,8,424.132324,107.846191
left02.jpg,4,0,401.000336,391.437927
left02.jpg,4,1,408.461151,368.605042
left02.jpg,4,2,416.430817,344.544281
left02.jpg,4,3,425.239258,317.360962
left02.jpg,4,4,434.800842,286.778290
left02.jpg,4,5,445.283691,252.391281
left02.jpg,4,6,456.841827,213.547379
left02.jpg,4,7,469.519714,169.351273
left02.jpg,4,8,483.137238,120.093613
left02.jpg,5,0,435.283478,402.627655
left02.jpg,5,1,446.714111,376.145325
left02.jpg,5,2,456.984283,352.433594
left02.jpg,5,3,468.080078,325.775787
left02.jpg,5,4,480.230011,296.077454
left02.jpg,5,5,493.468323,262.403748
left02.jpg,5,6,507.860077,224.147522
left02.jpg,5,7,523.488647,181.126846
left02.jpg,5,8,540.101440,133.095566
left03.jpg,0,0,277.196289,72.200958
left03.jpg,0,1,313.964142,81.246658
left03.jpg,0,2,353.019012,91.033333
left03.jpg,0,3,393.232788,102.010849
left03.jpg,0,4,434.717194,113.616425
left03.jpg,0,5,477.113678,126.347137
left03.jpg,0,6,519.729919,139.580002
left03.jpg,0,7,562.362000,153.605316
left03.jpg,0,8,603.783997,168.297546
left03.jpg,1,0,260.038544,105.356758
left03.jpg,1,1,297.562561,115.207428
left03.jpg,1,2,337.172852,126.307762
left03.jpg,1,3,378.445282,138.137299
left03.jpg,1,4,421.071136,150.899933
left03.jpg,1,5,464.540527,164.447739
left03.jpg,1,6,508.506775,178.625183
left03.jpg,1,7,552.413635,193.252975
left03.jpg,1,8,595.454102,208.167114
left03.jpg,2,0,242.450974,140.621902
left03.jpg,2,1,280.209595,151.795776
left03.jpg,2,2,320.519348,163.918961
left03.jpg,2,3,362.618164,177.007751
left03.jpg,2,4,406.078918,190.711777
left03.jpg,2,5,450.688812,205.273071
left03.jpg,2,6,495.928101,220.157181
left03.jpg,2,7,541.217773,235.303589
left03.jpg,2,8,585.326721,250.700867
left03.jpg,3,0,224.177963,177.887100
left03.jpg,3,1,262.495941,190.555496
left03.jpg,3,2,303.178772,203.894241
left03.jpg,3,3,345.796783,218.187912
left03.jpg,3,4,390.014648,232.968552
left03.jpg,3,5,435.593903,248.379425
left03.jpg,3,6,481.949707,264.086395
left03.jpg,3,7,528.270996,279.974670
left03.jpg,3,8,573.573669,295.578156
left03.jpg,4,0,205.897186,217.120758
left03.jpg,4,1,244.133087,231.034912
left03.jpg,4,2,284.994598,245.745087
left03.jpg,4,3,327.985779,261.400879
left03.jpg,4,4,373.095367,277.374908
left03.jpg,4,5,419.448120,293.758698
left03.jpg,4,6,466.536499,310.290009
left03.jpg,4,7,513.826111,326.688538
left03.jpg,4,8,559.883301,342.758087
left03.jpg,5,0,187.299026,257.430511
left03.jpg,5,1,225.444748,272.791962
left03.jpg,5,2,266.599335,289.138672
left03.jpg,5,3,309.976288,305.974396
left03.jpg,5,4,355.305359,323.203674
left03.jpg,5,5,402.117035,340.503906
left03.jpg,5,6,449.851715,357.672699
left03.jpg,5,7,497.802307,374.593323
left03.jpg,5,8,544.751831,390.713196
left04.jpg,0,0,188.521759,130.596329
left04.jpg,0,1,223.254303,127.106049
left04.jpg,0,2,260.337128,123.723824
left04.jpg,0,3,299.313507,120.210289
left04.jpg,0,4,340.142761,117.282288
left04.jpg,0,5,382.411713,114.390594
left04.jpg,0,6,425.844604,112.190895
left04.jpg,0,7,470.293945,110.210068
left04.jpg,0,8,514.562683,109.157501
left04.jpg,1,0,185.582565,168.314453
left04.jpg,1,1,220.925552,165.859879
left04.jpg,1,2,258.522217,163.193726
left04.jpg,1,3,298.120392,160.620529
left04.jpg,1,4,339.503479,158.407471
left04.jpg,1,5,382.674408,156.358276
left04.jpg,1,6,427.016663,154.533707
left04.jpg,1,7,472.391541,153.324463
left04.jpg,1,8,517.506592,152.167755
left04.jpg,2,0,183.304901,207.503448
left04.jpg,2,1,218.837814,205.895111
left04.jpg,2,2,256.935883,204.272675
left04.jpg,2,3,297.066467,202.787933
left04.jpg,2,4,338.930328,201.506409
left04.jpg,2,5,382.760101,200.219391
left04.jpg,2,6,427.891388,198.939392
left04.jpg,2,7,473.991943,198.024292
left04.jpg,2,8,519.859802,197.204041
left04.jpg,3,0,181.262131,247.427444
left04.jpg,3,1,217.258835,246.826843
left04.jpg,3,2,255.445404,246.434555
left04.jpg,3,3,296.096039,246.131378
left04.jpg,3,4,338.547272,245.727783
left04.jpg,3,5,382.715302,245.334808
left04.jpg,3,6,428.473969,244.553635
left04.jpg,3,7,474.927734,244.141861
left04.jpg,3,8,521.378967,243.596237
left04.jpg,4,0,180.174179,287.820435
left04.jpg,4,1,216.080490,288.648468
left04.jpg,4,2,254.622482,289.651398
left04.jpg,4,3,295.249786,290.259521
left04.jpg,4,4,338.125793,290.768677
left04.jpg,4,5,382.588348,291.287903
left04.jpg,4,6,428.597168,291.461151
left04.jpg,4,7,475.364319,291.325043
left04.jpg,4,8,522.194702,290.909515
left04.jpg,5,0,179.370087,328.195709
left04.jpg,5,1,215.266815,330.420197
left04.jpg,5,2,253.877899,332.341980
left04.jpg,5,3,294.734711,334.311218
left04.jpg,5,4,337.527191,335.893311
left04.jpg,5,5,382.264008,337.244568
left04.jpg,5,6,428.285980,337.898193
left04.jpg,5,7,475.098877,338.221985
left04.jpg,5,8,522.051270,338.129913
left05.jpg,0,0,436.273376,49.716278
left05.jpg,0,1,448.956299,77.815857
left05.jpg,0,2,462.564148,108.737923
left05.jpg,0,3,477.083954,142.887589
left05.jpg,0,4,492.467712,180.427811
left05.jpg,0,5,508.659210,221.371231
left05.jpg,0,6,525.287903,265.940735
left05.jpg,0,7,542.388550,313.811554
left05.jpg,0,8,559.301697,364.594513
left05.jpg,1,0,397.760040,57.835320
left05.jpg,1,1,408.566681,86.377350
left05.jpg,1,2,420.531952,117.966629
left05.jpg,1,3,433.183685,152.892059
left05.jpg,1,4,446.843140,191.200790
left05.jpg,1,5,461.261810,233.171097
left05.jpg,1,6,476.293091,278.670166
left05.jpg,1,7,491.839508,327.824097
left05.jpg,1,8,507.689667,379.709137
left05.jpg,2,0,358.399780,66.664917
left05.jpg,2,1,367.578217,95.667130
left05.jpg,2,2,377.369354,127.792274
left05.jpg,2,3,388.269653,163.420334
left05.jpg,2,4,399.858765,202.296249
left05.jpg,2,5,412.355499,245.016586
left05.jpg,2,6,425.552155,291.527100
left05.jpg,2,7,439.531982,341.589142
left05.jpg,2,8,453.684509,394.321564
left05.jpg,3,0,319.071838,76.258118
left05.jpg,3,1,326.154480,105.716583
left05.jpg,3,2,334.118225,138.265442
left05.jpg,3,3,342.759308,174.436493
left05.jpg,3,4,352.235687,213.819412
left05.jpg,3,5,362.673492,257.188538
left05.jpg,3,6,373.935394,304.142456
left05.jpg,3,7,385.912140,354.801666
left05.jpg,3,8,398.439331,407.919098
left05.jpg,4,0,279.466064,86.411537
left05.jpg,4,1,284.717010,116.290276
left05.jpg,4,2,290.686493,149.286774
left05.jpg,4,3,297.343292,185.717056
left05.jpg,4,4,304.732758,225.608475
left05.jpg,4,5,312.952454,269.154572
left05.jpg,4,6,322.123871,316.362793
left05.jpg,4,7,332.199860,367.218567
left05.jpg,4,8,342.884766,420.653259
left05.jpg,5,0,240.904968,96.930428
left05.jpg,5,1,244.292435,127.003098
left05.jpg,5,2,248.226822,160.482452
left05.jpg,5,3,253.039444,197.070068
left05.jpg,5,4,258.225403,237.174820
left05.jpg,5,5,264.440460,280.783142
left05.jpg,5,6,271.654114,328.046356
left05.jpg,5,7,279.634094,378.691803
left05.jpg,5,8,288.525848,431.675690
left06.jpg,0,0,588.920959,138.742447
left06.jpg,0,1,586.095154,175.477127
left06.jpg,0,2,582.745483,212.217438
left06.jpg,0,3,578.663391,248.815964
left06.jpg,0,4,573.954102,284.917786
left06.jpg,0,5,568.701721,320.597870
left06.jpg,0,6,563.019531,355.028076
left06.jpg,0,7,556.807495,388.787689
left06.jpg,0,8,550.330322,420.680145
left06.jpg,1,0,553.031006,135.920135
left06.jpg,1,1,550.367126,171.932190
left06.jpg,1,2,546.956360,208.228867
left06.jpg,1,3,542.914612,244.333832
left06.jpg,1,4,538.553955,280.196075
left06.jpg,1,5,533.659546,315.064667
left06.jpg,1,6,528.421021,349.292603
left06.jpg,1,7,522.705750,382.655090
left06.jpg,1,8,516.847412,414.534058
left06.jpg,2,0,517.729980,133.087189
left06.jpg,2,1,514.947510,168.608887
left06.jpg,2,2,511.512665,204.295227
left06.jpg,2,3,507.795258,240.063553
left06.jpg,2,4,503.594574,275.152161
left06.jpg,2,5,499.159485,309.652344
left06.jpg,2,6,494.271942,343.449402
left06.jpg,2,7,489.400879,376.555511
left06.jpg,2,8,483.948639,408.048309
left06.jpg,3,0,483.103210,130.622696
left06.jpg,3,1,480.313843,165.795593
left06.jpg,3,2,476.943848,200.779556
left06.jpg,3,3,473.422882,235.749603
left06.jpg,3,4,469.409729,270.382812
left06.jpg,3,5,465.404114,304.318756
left06.jpg,3,6,460.955994,337.619324
left06.jpg,3,7,456.407898,370.087006
left06.jpg,3,8,451.687775,401.189453
left06.jpg,4,0,449.558044,128.558273
left06.jpg,4,1,446.647919,162.853851
left06.jpg,4,2,443.275604,197.543427
left06.jpg,4,3,439.858337,231.567200
left06.jpg,4,4,436.235840,265.606445
left06.jpg,4,5,432.634827,298.916626
left06.jpg,4,6,428.476013,331.666962
left06.jpg,4,7,424.475128,363.620972
left06.jpg,4,8,420.331482,394.346100
left06.jpg,5,0,417.119141,127.127419
left06.jpg,5,1,414.129944,160.370285
left06.jpg,5,2,410.931976,194.222015
left06.jpg,5,3,407.727448,227.808014
left06.jpg,5,4,404.440521,260.956360
left06.jpg,5,5,400.812103,293.558960
left06.jpg,5,6,397.298401,325.643188
left06.jpg,5,7,393.676208,357.046356
left06.jpg,5,8,390.154419,387.307800
left07.jpg,0,0,368.984711,137.589706
left07.jpg,0,1,358.262360,169.289017
left07.jpg,0,2,347.211151,201.877975
left07.jpg,0,3,336.114380,234.657730
left07.jpg,0,4,324.895477,267.449493
left07.jpg,0,5,313.899628,300.309662
left07.jpg,0,6,303.014893,332.903900
left07.jpg,0,7,292.147980,365.205841
left07.jpg,0,8,281.771057,396.484802
left07.jpg,1,0,338.394440,130.055237
left07.jpg,1,1,327.564178,161.105072
left07.jpg,1,2,316.610138,192.721115
left07.jpg,1,3,305.529877,224.801773
left07.jpg,1,4,294.529816,256.951050
left07.jpg,1,5,283.784302,289.035828
left07.jpg,1,6,273.081665,321.065582
left07.jpg,1,7,262.534454,352.557526
left07.jpg,1,8,252.577667,383.385254
left07.jpg,2,0,309.143799,123.141502
left07.jpg,2,1,298.245972,153.350616
left07.jpg,2,2,287.386353,184.223694
left07.jpg,2,3,276.394958,215.449631
left07.jpg,2,4,265.649963,246.777969
left07.jpg,2,5,255.114990,278.300781
left07.jpg,2,6,244.651199,309.411407
left07.jpg,2,7,234.625259,340.450714
left07.jpg,2,8,224.762131,371.053802
left07.jpg,3,0,281.365845,116.674767
left07.jpg,3,1,270.425171,146.207581
left07.jpg,3,2,259.557190,176.244354
left07.jpg,3,3,248.788147,206.747375
left07.jpg,3,4,238.358017,237.244415
left07.jpg,3,5,228.095078,267.832825
left07.jpg,3,6,217.964355,298.316956
left07.jpg,3,7,208.297272,328.621429
left07.jpg,3,8,198.941559,358.272095
left07.jpg,4,0,254.872086,110.848915
left07.jpg,4,1,244.124451,139.462769
left07.jpg,4,2,233.372696,168.716385
left07.jpg,4,3,222.703217,198.398865
left07.jpg,4,4,212.420654,228.142303
left07.jpg,4,5,202.479279,257.942810
left07.jpg,4,6,192.583008,287.622742
left07.jpg,4,7,183.223663,317.156616
left07.jpg,4,8,174.119080,347.311890
left07.jpg,5,0,230.229660,105.477722
left07.jpg,5,1,219.328568,133.322250
left07.jpg,5,2,208.779221,161.714005
left07.jpg,5,3,198.444733,190.622375
left07.jpg,5,4,188.297775,219.422333
left07.jpg,5,5,178.532654,248.502014
left07.jpg,5,6,169.140518,277.471313
left07.jpg,5,7,160.052414,306.339752
left07.jpg,5,8,151.483688,334.617706
left08.jpg,0,0,470.811340,92.583267
left08.jpg,0,1,465.257874,126.090904
left08.jpg,0,2,459.148865,162.353912
left08.jpg,0,3,452.026215,201.139832
left08.jpg,0,4,444.302826,242.664230
left08.jpg,0,5,435.175262,286.789154
left08.jpg,0,6,425.569214,332.797455
left08.jpg,0,7,415.090240,380.648407
left08.jpg,0,8,403.950134,428.962982
left08.jpg,1,0,431.108154,87.906242
left08.jpg,1,1,424.229828,120.615791
left08.jpg,1,2,416.542847,156.406921
left08.jpg,1,3,408.153961,194.400162
left08.jpg,1,4,399.148621,235.027145
left08.jpg,1,5,388.811798,278.331207
left08.jpg,1,6,378.292450,323.501038
left08.jpg,1,7,367.162781,370.416107
left08.jpg,1,8,355.531616,417.858429
left08.jpg,2,0,392.100250,84.118057
left08.jpg,2,1,384.021729,115.858536
left08.jpg,2,2,375.098602,150.734528
left08.jpg,2,3,365.438080,188.253265
left08.jpg,2,4,355.265228,227.820923
left08.jpg,2,5,343.881409,270.030029
left08.jpg,2,6,332.555725,314.108765
left08.jpg,2,7,321.012817,359.738525
left08.jpg,2,8,309.048004,406.085968
left08.jpg,3,0,354.587769,80.537949
left08.jpg,3,1,344.948730,112.256630
left08.jpg,3,2,335.132141,145.788834
left08.jpg,3,3,324.365448,182.307068
left08.jpg,3,4,313.226257,220.970032
left08.jpg,3,5,301.047852,262.037689
left08.jpg,3,6,289.162476,304.805664
left08.jpg,3,7,276.867004,349.240936
left08.jpg,3,8,264.750824,394.361542
left08.jpg,4,0,318.244019,77.744965
left08.jpg,4,1,307.724701,108.382828
left08.jpg,4,2,296.481476,141.697052
left08.jpg,4,3,285.181152,177.086639
left08.jpg,4,4,273.308075,214.452454
left08.jpg,4,5,260.599640,254.461838
left08.jpg,4,6,247.947876,295.751251
left08.jpg,4,7,235.357101,338.762909
left08.jpg,4,8,223.071045,382.374847
left08.jpg,5,0,283.811798,75.468094
left08.jpg,5,1,272.397095,105.498001
left08.jpg,5,2,260.638702,137.682861
left08.jpg,5,3,248.328110,172.183014
left08.jpg,5,4,235.748993,208.509109
left08.jpg,5,5,223.045273,246.698914
left08.jpg,5,6,209.906067,287.191345
left08.jpg,5,7,197.026474,328.543182
left08.jpg,5,8,184.594421,370.788788
left09.jpg,0,0,219.095093,85.662674
left09.jpg,0,1,263.203308,93.233421
left09.jpg,0,2,305.200439,100.854149
left09.jpg,0,3,344.795624,108.543655
left09.jpg,0,4,381.714844,116.206848
left09.jpg,0,5,416.177307,123.527367
left09.jpg,0,6,448.024323,130.761993
left09.jpg,0,7,477.809357,137.715820
left09.jpg,0,8,505.725403,144.326019
left09.jpg,1,0,211.880661,131.070023
left09.jpg,1,1,256.054596,137.404221
left09.jpg,1,2,298.008942,143.860809
left09.jpg,1,3,337.642792,150.292358
left09.jpg,1,4,374.617950,156.503738
left09.jpg,1,5,409.222687,162.525665
left09.jpg,1,6,441.333740,168.377182
left09.jpg,1,7,470.980194,173.905441
left09.jpg,1,8,498.418732,179.318115
left09.jpg,2,0,205.429337,176.322403
left09.jpg,2,1,249.262680,181.594330
left09.jpg,2,2,291.138153,186.750214
left09.jpg,2,3,330.559174,191.790115
left09.jpg,2,4,367.643860,196.674576
left09.jpg,2,5,402.086060,201.318054
left09.jpg,2,6,434.297272,205.658600
left09.jpg,2,7,464.176880,209.865082
left09.jpg,2,8,492.855988,213.883606
left09.jpg,3,0,199.352798,220.815491
left09.jpg,3,1,242.859985,224.946198
left09.jpg,3,2,284.470184,228.959091
left09.jpg,3,3,323.743683,232.610535
left09.jpg,3,4,360.421692,236.069046
left09.jpg,3,5,394.825562,239.492065
left09.jpg,3,6,427.124268,242.484879
left09.jpg,3,7,456.777710,245.526855
left09.jpg,3,8,484.376740,248.117630
left09.jpg,4,0,194.339050,264.192139
left09.jpg,4,1,237.049683,267.389282
left09.jpg,4,2,278.182770,270.050903
left09.jpg,4,3,316.984863,272.535431
left09.jpg,4,4,353.448456,274.723755
left09.jpg,4,5,387.677582,276.723999
left09.jpg,4,6,419.809937,278.537415
left09.jpg,4,7,449.513458,280.199005
left09.jpg,4,8,478.415771,281.538971
left09.jpg,5,0,189.769958,305.778229
left09.jpg,5,1,231.925018,307.922272
left09.jpg,5,2,272.287598,309.549194
left09.jpg,5,3,310.443756,310.798401
left09.jpg,5,4,346.561279,311.942749
left09.jpg,5,5,380.470123,312.766418
left09.jpg,5,6,412.148163,313.451752
left09.jpg,5,7,441.846375,313.913788
left09.jpg,5,8,469.336548,314.070740
left11.jpg,0,0,413.747681,65.917854
left11.jpg,0,1,420.047272,103.081520
left11.jpg,0,2,426.242218,140.661316
left11.jpg,0,3,432.205505,178.614227
left11.jpg,0,4,437.745544,216.177780
left11.jpg,0,5,443.028503,253.351700
left11.jpg,0,6,447.704773,289.781769
left11.jpg,0,7,452.199585,325.422180
left11.jpg,0,8,455.836823,359.586365
left11.jpg,1,0,384.929443,65.489883
left11.jpg,1,1,391.558746,104.232658
left11.jpg,1,2,397.877869,143.754562
left11.jpg,1,3,404.062286,183.339340
left11.jpg,1,4,409.971924,222.792679
left11.jpg,1,5,415.650208,261.532532
left11.jpg,1,6,420.911621,299.625610
left11.jpg,1,7,425.777466,336.766754
left11.jpg,1,8,430.373322,372.181610
left11.jpg,2,0,353.172455,65.294533
left11.jpg,2,1,359.909912,105.893654
left11.jpg,2,2,366.456177,147.263916
left11.jpg,2,3,373.044647,188.731964
left11.jpg,2,4,379.458893,229.966660
left11.jpg,2,5,385.580536,270.635498
left11.jpg,2,6,391.498108,310.341705
left11.jpg,2,7,397.050049,348.784882
left11.jpg,2,8,402.268097,385.492920
left11.jpg,3,0,318.207764,65.569435
left11.jpg,3,1,325.083954,108.041862
left11.jpg,3,2,332.094299,151.355392
left11.jpg,3,3,338.901001,194.794968
left11.jpg,3,4,345.804596,237.877487
left11.jpg,3,5,352.511017,280.321198
left11.jpg,3,6,359.213287,321.667542
left11.jpg,3,7,365.511780,361.666962
left11.jpg,3,8,371.555145,399.553864
left11.jpg,4,0,280.032349,66.259789
left11.jpg,4,1,286.861023,110.535927
left11.jpg,4,2,294.094116,156.060944
left11.jpg,4,3,301.339661,201.499771
left11.jpg,4,4,308.712311,246.613678
left11.jpg,4,5,316.162659,290.803650
left11.jpg,4,6,323.821136,333.981720
left11.jpg,4,7,331.110748,375.335327
left11.jpg,4,8,337.962646,414.400024
left11.jpg,5,0,238.340073,67.797234
left11.jpg,5,1,245.341248,113.965492
left11.jpg,5,2,252.626572,161.443069
left11.jpg,5,3,260.430511,209.002380
left11.jpg,5,4,268.537415,256.140381
left11.jpg,5,5,276.739594,302.201019
left11.jpg,5,6,285.172394,346.784515
left11.jpg,5,7,293.592590,389.555176
left11.jpg,5,8,301.720367,429.785736
left12.jpg,0,0,423.466736,70.892326
left12.jpg,0,1,427.182190,103.398582
left12.jpg,0,2,430.739014,138.503952
left12.jpg,0,3,434.343231,176.743118
left12.jpg,0,4,437.893555,218.076736
left12.jpg,0,5,441.378571,261.943970
left12.jpg,0,6,444.492310,308.591980
left12.jpg,0,7,447.222626,357.645599
left12.jpg,0,8,449.495514,407.982452
left12.jpg,1,0,383.911102,72.210159
left12.jpg,1,1,385.516235,104.339287
left12.jpg,1,2,387.674530,139.791901
left12.jpg,1,3,389.508148,178.264847
left12.jpg,1,4,391.492889,219.450974
left12.jpg,1,5,393.390564,263.529175
left12.jpg,1,6,395.264008,310.304688
left12.jpg,1,7,396.837250,359.573456
left12.jpg,1,8,398.420868,410.033264
left12.jpg,2,0,343.656708,73.608482
left12.jpg,2,1,344.043091,106.074089
left12.jpg,2,2,344.371887,141.341904
left12.jpg,2,3,344.591400,179.611908
left12.jpg,2,4,344.950104,220.598373
left12.jpg,2,5,345.386658,264.805786
left12.jpg,2,6,345.685547,311.620911
left12.jpg,2,7,346.370605,360.643677
left12.jpg,2,8,346.689362,411.226166
left12.jpg,3,0,304.185974,75.940582
left12.jpg,3,1,302.754761,108.177399
left12.jpg,3,2,301.416809,143.408691
left12.jpg,3,3,300.203094,181.502945
left12.jpg,3,4,298.968170,222.380463
left12.jpg,3,5,297.766998,266.106995
left12.jpg,3,6,296.916565,312.491211
left12.jpg,3,7,296.220642,361.285767
left12.jpg,3,8,295.464569,411.284760
left12.jpg,4,0,265.021667,78.552414
left12.jpg,4,1,262.172119,110.439667
left12.jpg,4,2,259.300812,145.651215
left12.jpg,4,3,256.634857,183.565125
left12.jpg,4,4,253.809311,224.125549
left12.jpg,4,5,251.356842,267.442169
left12.jpg,4,6,249.188202,313.121460
left12.jpg,4,7,247.242706,361.300415
left12.jpg,4,8,245.736343,410.322418
left12.jpg,5,0,227.372070,82.024803
left12.jpg,5,1,222.815964,113.478767
left12.jpg,5,2,218.902542,148.294861
left12.jpg,5,3,214.520477,185.755844
left12.jpg,5,4,210.723175,225.571899
left12.jpg,5,5,206.891876,268.317169
left12.jpg,5,6,203.467453,313.483368
left12.jpg,5,7,200.861893,360.392303
left12.jpg,5,8,198.553223,408.803925
left13.jpg,0,0,402.314026,72.308678
left13.jpg,0,1,414.141998,113.069344
left13.jpg,0,2,425.070953,152.033539
left13.jpg,0,3,435.063873,188.847183
left13.jpg,0,4,444.108459,223.221832
left13.jpg,0,5,452.411530,255.395004
left13.jpg,0,6,459.754425,285.361023
left13.jpg,0,7,466.572327,313.354065
left13.jpg,0,8,472.687927,338.913574
left13.jpg,1,0,359.875580,84.638809
left13.jpg,1,1,372.687012,124.822243
left13.jpg,1,2,384.692413,163.204697
left13.jpg,1,3,395.856201,199.320282
left13.jpg,1,4,406.158783,233.149124
left13.jpg,1,5,415.620270,264.707794
left13.jpg,1,6,424.352539,294.186157
left13.jpg,1,7,432.257385,321.656952
left13.jpg,1,8,439.483429,348.026093
left13.jpg,2,0,318.113464,97.417328
left13.jpg,2,1,331.885864,136.936783
left13.jpg,2,2,344.903900,174.396561
left13.jpg,2,3,357.278473,209.766174
left13.jpg,2,4,368.575439,242.933975
left13.jpg,2,5,379.390564,273.895599
left13.jpg,2,6,389.173553,302.770569
left13.jpg,2,7,398.341827,329.613220
left13.jpg,2,8,407.209778,355.244415
left13.jpg,3,0,277.632935,110.340668
left13.jpg,3,1,292.281097,148.712219
left13.jpg,3,2,306.247162,185.598022
left13.jpg,3,3,319.524109,219.975037
left13.jpg,3,4,331.913208,252.434372
left13.jpg,3,5,343.662842,282.584442
left13.jpg,3,6,354.662140,311.073059
left13.jpg,3,7,364.864319,337.296234
left13.jpg,3,8,374.471741,362.412292
left13.jpg,4,0,238.638763,123.188950
left13.jpg,4,1,253.889099,160.650558
left13.jpg,4,2,268.693512,196.436249
left13.jpg,4,3,282.853760,230.011765
left13.jpg,4,4,296.256042,261.475342
left13.jpg,4,5,308.887177,290.953125
left13.jpg,4,6,320.853394,318.869812
left13.jpg,4,7,332.151489,344.516022
left13.jpg,4,8,344.084625,371.196930
left13.jpg,5,0,201.762543,135.731277
left13.jpg,5,1,217.517365,172.256378
left13.jpg,5,2,233.056274,206.821854
left13.jpg,5,3,247.819031,239.514694
left13.jpg,5,4,261.917358,270.227570
left13.jpg,5,5,275.450684,298.934540
left13.jpg,5,6,288.345337,325.870514
left13.jpg,5,7,300.398926,351.024902
left13.jpg,5,8,312.073456,375.145996
left14.jpg,0,0,416.294098,57.344814
left14.jpg,0,1,421.863464,97.671875
left14.jpg,0,2,427.285828,138.130142
left14.jpg,0,3,432.283722,177.881363
left14.jpg,0,4,436.680115,216.690201
left14.jpg,0,5,440.842957,254.491028
left14.jpg,0,6,444.422394,290.703247
left14.jpg,0,7,447.860779,325.576416
left14.jpg,0,8,450.450867,358.197479
left14.jpg,1,0,380.864441,60.198780
left14.jpg,1,1,387.015747,102.234177
left14.jpg,1,2,392.793915,144.085754
left14.jpg,1,3,398.230957,185.230606
left14.jpg,1,4,403.403503,225.410431
left14.jpg,1,5,408.172455,264.163574
left14.jpg,1,6,412.590637,301.508118
left14.jpg,1,7,416.659271,337.171814
left14.jpg,1,8,420.404602,370.782593
left14.jpg,2,0,342.650482,63.997738
left14.jpg,2,1,349.343597,107.347145
left14.jpg,2,2,355.573303,150.709198
left14.jpg,2,3,361.666473,193.321564
left14.jpg,2,4,367.552277,234.684738
left14.jpg,2,5,373.127899,274.636261
left14.jpg,2,6,378.397095,312.848938
left14.jpg,2,7,383.430328,349.319611
left14.jpg,2,8,387.973480,383.472015
left14.jpg,3,0,301.829102,68.502197
left14.jpg,3,1,308.606476,113.385338
left14.jpg,3,2,315.773407,158.226822
left14.jpg,3,3,322.432159,202.060471
left14.jpg,3,4,329.213806,244.605743
left14.jpg,3,5,335.691406,285.509918
left14.jpg,3,6,342.062408,324.717590
left14.jpg,3,7,347.934723,361.747101
left14.jpg,3,8,353.819336,396.506470
left14.jpg,4,0,258.325104,74.176323
left14.jpg,4,1,265.647949,120.341888
left14.jpg,4,2,273.183197,166.459778
left14.jpg,4,3,280.653137,211.471909
left14.jpg,4,4,288.353180,255.047195
left14.jpg,4,5,295.910217,296.880524
left14.jpg,4,6,303.451172,337.009857
left14.jpg,4,7,310.638641,374.660583
left14.jpg,4,8,317.493103,409.631775
left14.jpg,5,0,212.636841,80.598686
left14.jpg,5,1,220.407639,128.113586
left14.jpg,5,2,228.466370,175.198792
left14.jpg,5,3,236.969788,221.385529
left14.jpg,5,4,245.638855,266.101807
left14.jpg,5,5,254.309601,308.693420
left14.jpg,5,6,263.066895,349.228088
left14.jpg,5,7,271.656067,387.444885
left14.jpg,5,8,279.942932,422.729004
